nhis_code,name,category,price,unit
ACETAZIN1,"Acetazolamide Injection, 500 mg  Ampoule",medicine,17.16,
ACETAZTA1,"Acetazolamide Tablet, 250 mg  Tablet",medicine,0.88,
ACETYLIN1,"Acetylcysteine Injection, 200 mg/mL  1 mL",medicine,62.98,
ACETYLTA1,"Acetylsalicylic Acid Tablet, 300 mg  Tablet",medicine,0.55,
ACETYLDT1,"Acetylsalicylic Acid Tablet, 75 mg (Dispersible)  Tablet",medicine,0.33,
ACTINOIN1,Actinomycin D Injection 0.5 mg Intravenous  Vial,medicine,205.57,
ACTCHAPO1,"Activated Charcoal Powder, 50 g  50 G",medicine,38.56,
ACICLOCR1,"Acyclovir Cream, 5%  5G",medicine,38.5,
ACICLOEO1,"Acyclovir Eye Ointment, 3%  2G",medicine,52.03,
ACICLOIN1,"Acyclovir Injection, 250 mg vial  Vial",medicine,136.13,
ACICLOSU2,"Acyclovir Suspension, 200 mg/5 mL  20 mL",medicine,276.91,
ACICLOTA1,"Acyclovir Tablet, 200 mg  Tablet",medicine,1.98,
ADRENAIN1,"Adrenaline Injection, 1 mg/1mL (1:1000)  1 mL",medicine,7.7,
ADRENAIN2,"Adrenaline Injection, 1:10,000  Vial",medicine,6.55,
ADRIAMIN1,"Adriamycin Injection, 50 mg  Vial",medicine,172.59,
ALBENDSY1,"Albendazole Syrup, 100 mg/5 mL  20 mL",medicine,4.1,
ALBENDTA1,"Albendazole Tablet, 200 mg  Tablet",medicine,4.68,
ALBENDTA2,"Albendazole Tablet, 400 mg  Tablet",medicine,1.17,
ALLOPUTA1,"Allopurinol Tablet, 100 mg  Tablet",medicine,0.94,
ALLOPUTA2,"Allopurinol Tablet, 300 mg  Tablet",medicine,1.1,
AMIACIIN1,"Amino Acid Solution Injection, 10%  200 mL",medicine,106,
AMINOPIN1,"Aminophylline Injection, 250 mg/10 mL  Ampoule",medicine,11.55,
AMIODATA1,"Amiodarone Tablet, 200 mg  Tablet",medicine,1.93,
AMITRITA1,"Amitriptyline Tablet, 10 mg  Tablet",medicine,0.66,
AMITRITA2,"Amitriptyline Tablet, 25 mg  Tablet",medicine,0.18,
AMITRITA3,"Amitriptyline Tablet, 50 mg  Tablet",medicine,0.66,
AMLODITA2,"Amlodipine Tablet, 10 mg  Tablet",medicine,0.12,
AMLODITA1,"Amlodipine Tablet, 5 mg  Tablet",medicine,0.11,
AMOARTPO2,"Amodiaquine + Artesunate Granular Powder, 150",medicine,5.78,mg + 50 mg   Sachet
AMOARTPO1,"Amodiaquine + Artesunate Granular Powder, 75 mg",medicine,13.97,+ 25 mg   Sachet
AMOARTTA2,"Amodiaquine + Artesunate Tablet, 135 mg + 50 mg",medicine,5.07,(12 tabs)   1 Course
AMOARTTA4,"Amodiaquine + Artesunate Tablet, 135 mg + 50 mg",medicine,0.7,(3's)   1 Course
AMOARTTA5,"Amodiaquine + Artesunate Tablet, 270 mg + 100",medicine,1.28,mg (3's)   1 Course
AMOARTTA6,"Amodiaquine + Artesunate Tablet, 270 mg + 100",medicine,2.15,mg (6's)   1 Course
AMOARTTA3,"Amodiaquine + Artesunate Tablet, 67.5 mg + 25",medicine,0.65,mg (3's)   1 Course
AMOARTTA1,"Amodiaquine + Artesunate Tablet, 67.5 mg + 25",medicine,5.15,mg (6 tabs)  1 Course
COAMOXIN2,"Amoxicillin + Clavulanic Acid Injection, 1.2g  Vial",medicine,16.3,
COAMOXIN1,"Amoxicillin + Clavulanic Acid Injection, 500 mg +",medicine,18.7,100 mg  Vial
COAMOXSU1,"Amoxicillin + Clavulanic Acid Suspension, 250 mg +",medicine,19.52,62 mg  70 mL
COAMOXSU2,"Amoxicillin + Clavulanic Acid Suspension, 400 mg +",medicine,25.86,57 mg  70 mL
COAMOXTA1,"Amoxicillin + Clavulanic Acid Tablet, 500 mg + 125",medicine,2.31,mg Tablet
COAMOXTA2,"Amoxicillin + Clavulanic Acid Tablet, 875 mg + 125",medicine,2.98,mg Tablet
AMOXICDT1,"Amoxicillin 250 mg, Dispersible Tablet  Tablet",medicine,1.87,
AMOXICCA2,"Amoxicillin Capsule, 500 mg  Capsule",medicine,0.83,
AMOXICSU1,"Amoxicillin Suspension, 125 mg/5 mL  100 mL",medicine,16.5,
AMPICIIN1,"Ampicillin Injection, 500 mg  Vial",medicine,3.85,
ANASTRTA1,"Anastrozole Tablet, 1 mg  Tablet",medicine,9.68,
ANIMGLIN1,"Anti RH Immunoglobulin Injection, 1500IU /5ml  Vial",medicine,827.2,
ANTESEIN1,Anti Tetanus Serum Injection 1500 IU  Vial,medicine,42.85,
AQUEOUCR1,Aqueous Cream BP  100 G,medicine,29.98,
ARTLUMSU1,"Artemether + Lumefantrine Suspension, (Powder For",medicine,25.85,
ARTLUMTA3,"Artemether + Lumefantrine Tablet, 20 mg + 120 mg",medicine,1.25,(12's)  1 Course
ARTLUMTA4,"Artemether + Lumefantrine Tablet, 20 mg + 120 mg",medicine,1.88,(18's)  1 Course
ARTLUMTA1,"Artemether + Lumefantrine Tablet, 20 mg + 120 mg",medicine,2.24,(24’s)  1 Course
ARTLUMTA2,"Artemether + Lumefantrine Tablet, 20 mg + 120 mg",medicine,0.61,(6's) 1 Course
ARTEMEIN2,Artemether Injection 80mg/mL  Ampoule,medicine,5.5,
ARTLUMDT1,"Artermether + Lumefantrine Dispersible, (20 mg +",medicine,4.39,120 mg) Tablet  6 Tablets
ARTESUIN3,Artesunate injection 120mg  Vial,medicine,6.25,
ARTESUIN1,"Artesunate Injection, 30 mg  Vial",medicine,3.18,
ARTESUIN2,"Artesunate Injection, 60 mg  Vial",medicine,3.18,
ARTESURE2,Artesunate suppository 100mg  Supp,medicine,6.05,
ARTESURE1,"Artesunate Suppository, 50 mg  Supp.",medicine,5.49,
ATEHYDTA2,"Atenolol + Hydrochlorthiazide Tablet, 100 mg + 25",medicine,1.2,mg Tablet
ATEHYDTA1,"Atenolol + Hydrochlorthiazide Tablet, 50 mg + 25",medicine,0.77,mg Tablet
ATENOLIN1,"Atenolol Injection, 500 microgram/10 mL  Ampoule",medicine,8.98,
ATENOLTA1,"Atenolol Tablet, 25 mg  Tablet",medicine,1.1,
ATENOLTA2,"Atenolol Tablet, 50 mg  Tablet",medicine,0.54,
ATORVATA1,"Atorvastatin Tablet, 10 mg  Tablet",medicine,0.23,
ATORVATA2,"Atorvastatin Tablet, 20 mg  Tablet",medicine,0.3,
ATROPIID1,"Atropine Eye Drops, 1%  10 mL",medicine,36.3,
ATROPIIN1,"Atropine Injection, 0.6 mg/mL  1 mL",medicine,5.5,
AZITHRCA1,"Azithromycin Capsule, 250 mg  Capsule",medicine,3.58,
AZITHRSU1,"Azithromycin Oral Suspension, 200 mg/5 mL/15mL  15 mL",medicine,35.2,
AZITHRSU2,"Azithromycin Oral Suspension, 200 mg/5 mL/30mL  30 mL",medicine,40.13,
BADOESIN1,"Badoe's Solution Injection, 1000 mL  1000 mL",medicine,22,
BECDIPGA2,"Beclometasone  dipropionate Inhaler, 100",medicine,87.94,
BECDIPGA3,"Beclometasone dipropionate Inhaler, 200",medicine,87.94,
BECDIPGA1,"Beclometasone  dipropionate Inhaler, 50",medicine,119.9,
BENDROTA1,"Bendroflumethiazide Tablet, 2.5 mg  Tablet",medicine,0.12,
BENZATIN1,"Benzatropine Injection, 1 mg/mL  1 mL",medicine,110.2,
BENZATTA1,"Benzatropine Tablet, 2 mg  Tablet",medicine,6.93,
BEACSAOI1,"Benzoic Acid + Salicylic Acid Ointment, 6% + 3%  25 G",medicine,17.6,
BENPERCR2,"Benzoyl Peroxide Cream, 10%  30 G",medicine,131.45,
BENPERCR1,"Benzoyl Peroxide Cream, 5%  30 G",medicine,118.25,
BENBENLO1,"Benzyl Benzoate Lotion, 25%  30mL",medicine,24.86,
BENBENLO2,"Benzyl Benzoate Lotion, 25%  100 mL",medicine,28.6,
BENZYLIN1,"Benzylpenicillin Injection, 1 MU  Vial",medicine,3.3,
BETVALCR2,"Betamethasone Valerate cream, 0.1%  15 G",medicine,38.5,
BETAXOID1,"Betaxolol HCL Eye Drops, 0.5%  5 mL",medicine,19.89,
BISACOTA1,"Bisacodyl Tablet, 5 mg  Tablet",medicine,1.1,
BISOPRTA2,Bisoprolol Tablet 10 mg  Tablet,medicine,1.02,
BISOPRTA1,Bisoprolol Tablet 5 mg  Tablet,medicine,0.98,
BROMOCTA1,"Bromocriptine Tablet, 2.5 mg  Tablet",medicine,9.46,
BUDFORGA2,Budesonide + Formoterol Inhaler 160,medicine,151.25,
BUDFORGA1,Budesonide + Formoterol Inhaler 80 microgram/4.5,medicine,143,microgram (60 Doses)  Inhaler
BUDESOGA1,"Budesonide DPI, 100 microgram (100 Doses)  Inhaler",medicine,108.11,
BUDESOGA2,"Budesonide DPI, 200 microgram (100 Doses)  Inhaler",medicine,212.78,
CALAMICR1,"Calamine Cream, 15%  40 G",medicine,18.04,
CALAMILO1,"Calamine Lotion, 15%  200 mL",medicine,11.55,
CALCIFTA1,"Calciferol Tablet, 10,000 units  Tablet",medicine,4.78,
CALGLUIN1,"Calcium  Gluconate Injection, 100 mg/mL in 10 mL  Ampoule",medicine,29.7,
CALCARTA1,"Calcium Carbonate Tablet, 500 mg  Tablet",medicine,3.3,
CALVITTA1,"Calcium with Vitamin D Tablet, (97 mg + 10",medicine,1.47,microgram)  Tablet
CAPECITA1,"Capecitabine Tablet, 500 mg  Tablet",medicine,19.14,
CARBAMTA3,"Carbamazepine Sustained -Release Tablet, 200 mg  Tablet",medicine,2.92,
CARBAMTA4,"Carbamazepine Sustained -Release Tablet, 400 mg  Tablet",medicine,6.22,
CARBAMTA1,"Carbamazepine Tablet, 100 mg  Tablet",medicine,1.21,
CARBAMTA2,"Carbamazepine Tablet, 200 mg  Tablet",medicine,1.05,
CARBIMTA2,"Carbimazole Tablet, 20 mg  Tablet",medicine,2.2,
CARBOCSY1,"Carbocisteine Paediatric Syrup , 125 mg/5 mL  100 mL",medicine,14.3,
CARBOCSY2,"Carbocisteine Syrup, 250 mg/5 mL  100 mL",medicine,11.06,
CARBOPIN1,"Carboplatin Injection, 150 mg Intravenous  Vial",medicine,385,
CARBOPIN2,"Carboplatin Injection, 450 mg Intravenous  Vial",medicine,559.68,
CARVEDTA2,Carvedilol Tablet 12.5 mg  Tablet,medicine,1.41,
CARVEDTA1,Carvedilol Tablet 3.125 mg  Tablet,medicine,1.05,
CEFACLCA1,"Cefaclor Capsule, 250 mg  Capsule",medicine,6.86,
CEFACLCA2,"Cefaclor Capsule, 500 mg  Capsule",medicine,12.65,
CEFACLSU1,"Cefaclor Suspension, 125 mg/5 mL  100 mL",medicine,40.15,
CEFACLSU2,"Cefaclor Suspension, 250 mg/5 mL  100 mL",medicine,59.95,
CEFOTAIN2,"Cefotaxime Injection, 1 g  Vial",medicine,20.2,
CEFOTAIN1,"Cefotaxime Injection, 500 mg  Vial",medicine,14.85,
CEFTRIIN3,"Ceftriazone Injection, 1g  Vial",medicine,13.2,
CEFTRIIN2,"Ceftriazone Injection, 500 mg  Vial",medicine,8.8,
CEFUROIN2,Cefuroxime Injection 1.5 g  Vial,medicine,35.42,
CEFUROIN1,"Cefuroxime Injection, 750 mg  Vial",medicine,13.2,
CEFUROSU1,"Cefuroxime Suspension, 125 mg/5 mL  50mL",medicine,20.56,
CEFUROTA1,"Cefuroxime Tablet, 125 mg  Tablet",medicine,4.29,
CEFUROTA2,"Cefuroxime Tablet, 250 mg  Tablet",medicine,2.17,
CELECOTA1,Celecoxib Tablet 100 mg  Tablet,medicine,1.32,
CELECOTA2,Celecoxib Tablet 200 mg  Tablet,medicine,2.75,
CETIRISY1,"Cetirizine Syrup, 5 mg/5 mL  30 mL",medicine,8.8,
CETRIMSO1,Cetrimide Solution  200 mL,medicine,7.15,
CHLORAED1,"Chloramphenicol Ear Drops, 5%  10 mL",medicine,6.88,
CHLORAID1,"Chloramphenicol Eye Drops, 0.5%  10 mL",medicine,6.38,
CHLORAEO1,"Chloramphenicol Eye Ointment, 1%  5 G",medicine,8.8,
CHLORAIN1,"Chloramphenicol Injection, 1 g  1 G",medicine,1.65,
CHLORASU1,"Chloramphenicol Suspension, 125mg/5mL  100 mL",medicine,8.58,
CHLORHCR1,"Chlorhexidine Cream, 1%  15 G",medicine,28.6,
CHLORHGE1,Chlorhexidine Gel 7.1 % ( digluconate  ) delivering,medicine,24.75,
CHLORHMW2,Chlorhexidine Mouth wash 0.12%   300ml,medicine,22.69,
CHLORHSO1,"Chlorhexidine Solution, 2.5%  100 mL",medicine,75.13,
CHLPHESY1,"Chlorphenamine Syrup, 2 mg/5 mL  100 mL",medicine,11,
CHLPHETA1,"Chlorphenamine Tablet, 4 mg  Tablet",medicine,0.17,
CHLPROIN1,"Chlorpromazine Injection, 25 mg/mL in 2 mL  Ampoule",medicine,7.7,
CHLPROTA3,"Chlorpromazine Tablet, 100 mg  Tablet",medicine,0.58,
CHLPROTA1,"Chlorpromazine Tablet, 25 mg  Tablet",medicine,5.94,
CHLPROTA2,"Chlorpromazine Tablet, 50 mg  Tablet",medicine,0.2,
CHREFLIN2,"Cholera Replacement Fluid Injection, (5:4:1) 1 Litre  1000 mL",medicine,19.6,
CHREFLIN1,"Cholera Replacement Fluid Injection, (5:4:1) 500 mL  500 mL",medicine,10.98,
CIPTINTA1,"Ciprofloxacin + Tinidazole Tablet, 500 mg + 500 mg  Tablet",medicine,2.85,
CIPROFID1,"Ciprofloxacin Eye Drops, 0.3%  10 mL",medicine,5.17,
CIPROFIN1,"Ciprofloxacin Infusion, 2 mg/mL in 100 mL  Bottle",medicine,9.35,
CIPROFTA1,"Ciprofloxacin Tablet, 250 mg  Tablet",medicine,0.61,
CLARITCA1,"Clarithromycin Capsule, 250 mg  Capsule",medicine,3.08,
CLARITCA2,"Clarithromycin Capsule, 500 mg  Capsule",medicine,5.5,
CLARITSU1,"Clarithromycin Paediatric Suspension, 125 mg/5 mL  100 mL",medicine,110.28,
CLINDACA1,"Clindamycin Capsule, 150 mg  Capsule",medicine,0.77,
CLINDAIN1,"Clindamycin Injection, 150 mg/mL in 2 mL  Vial",medicine,29.17,
CLINDASU1,"Clindamycin Suspension, 75 mg/5 mL  100 mL",medicine,207.9,
CLINDASO1,"Clindamycin Topical Solution, 1%  30 mL",medicine,100.1,
CLOPROCR1,"Clobetasol Propionate Cream, 0.05%  15 G",medicine,57.48,
CLOHYDCR1,"Clotrimazole + Hydrocortisone Cream, 1% + 1%  15 G",medicine,16.5,
CLOTRICR1,"Clotrimazole Cream, 1%  30 G",medicine,8.8,
CLOTRICR2,"Clotrimazole Cream, 2%  30 G",medicine,11.55,
CLOTRIVP1,"Clotrimazole Pessary, 100 mg  6 Pess.",medicine,11.55,
CLOTRIVP2,"Clotrimazole Pessary, 200 mg  3 Pess.",medicine,24.2,
CLOTRIVP3,"Clotrimazole Pessary, 500 mg  1 Pess.",medicine,21.01,
CLOXACIN1,"Cloxacillin Injection, 250 mg  Vial",medicine,2.71,
CLOXACIN2,"Cloxacillin Injection, 500 mg  Vial",medicine,1.8,
COOENOTA1,"Conjugated Oestrogen + Norgesterol Tablet, 625",medicine,3.77,
CONOESTA1,"Conjugated Oestrogen Tablet, 625 microgram  Tablet",medicine,6.02,
CONOESVC1,"Conjugated Oestrogen Vaginal cream, 625",medicine,255.2,microgram/g  1 G
CORANTID1,Corticosteroid + Antibiotic Eye Drops  10 mL,medicine,41.8,
CORANTEO1,Corticosteroid + Antibiotic Eye Ointment  10 G,medicine,53.9,
COTRIMTA1,"Cotrimoxazole Tablet, (400+80) mg  Tablet",medicine,0.23,
CYCLOPID1,"Cyclopentolate Eye Drops, 1%  5 mL",medicine,42.13,
CYCLOPIN1,"Cyclophosphamide Injection, 500 mg  Vial",medicine,39.47,
DALSODIN1,"Dalteparin Sodium Injection, 5000 units/0.2 mL  Prefilled",medicine,102.08,
DARROWIN1,"Darrow's Solution Injection, Half Strength 250 mL  250 mL",medicine,8.71,
DEXAMEID1,"Dexamethasone Eye Drops, 1%  5 mL",medicine,8.84,
DEXAMEEO1,"Dexamethasone Eye Ointment, 1%  5 G",medicine,42.63,
DEXAMEIN1,"Dexamethasone Injection, 4 mg/mL  1mL",medicine,3.03,
DEXAMEIN2,"Dexamethasone Injection, 8 mg/2 mL  2mL",medicine,2.2,
DEXAMETA2,"Dexamethasone Tablet, 2 mg  Tablet",medicine,6.44,
DEXAMETA3,"Dexamethasone Tablet, 4 mg  Tablet",medicine,4.71,
DEXAMETA1,"Dexamethasone Tablet, 500 microgram  Tablet",medicine,0.06,
DEXTROTA1,Dextromethorphan Containing Cough Syrup   100ml,medicine,40.7,
DESOCHIN1,"Dextrose in Sodium Chloride Intravenous Infusion,",medicine,12.68,
DESOCHIN2,"Dextrose in Sodium Chloride Intravenous Infusion,",medicine,12.93,5% in 0.9% (500 mL)  500 mL
DEXTROIN3,"Dextrose Infusion, 10% (250 mL)  250 mL",medicine,9.65,
DEXTROIN4,"Dextrose Infusion, 10% (500 mL)  500 mL",medicine,14.2,
DEXTROIN1,"Dextrose Infusion, 5% (250 mL)  250 mL",medicine,11,
DEXTROIN2,"Dextrose Infusion, 5% (500 mL)  500 mL",medicine,11.86,
DEXTROIN6,"Dextrose Infusion, 50% (250 mL)  250 mL",medicine,17.42,
DIAZEPIN1,"Diazepam Injection, 5 mg/mL in 2 mL  Ampoule",medicine,7.9,
DIAZEPRS1,"Diazepam Rectal Tubes, 2 mg/mL in 1.25 mL  Rectal",medicine,5.5,
DIAZEPTA1,"Diazepam Tablet, 5 mg  Tablet",medicine,0.17,
DICLOFCA1,"Diclofenac Capsule, 75 mg  Capsule",medicine,0.4,
DICLOFGE1,Diclofenac Gel  30 G,medicine,5.41,
DICLOFIN1,"Diclofenac Injection, 75mg/3mL  Ampoule",medicine,1.1,
DICLOFRE2,"Diclofenac Suppository, 100 mg  Supp.",medicine,0.96,
DICLOFRE1,"Diclofenac Suppository, 50 mg  Supp.",medicine,1.71,
DICLOFTA2,"Diclofenac Tablet, 50 mg  Tablet",medicine,0.13,
DIESTITA1,"Diethylstilboestrol Tablet, 1 mg  Tablet",medicine,0.11,
DIESTITA2,"Diethylstilboestrol Tablet, 5 mg  Tablet",medicine,8.65,
DIGOXIEL1,"Digoxin Elixir, 50 microgram/mL  60 mL",medicine,1.38,
DIGOXITA2,"Digoxin Tablet, 125 microgram  Tablet",medicine,1.71,
DIGOXITA3,"Digoxin Tablet, 250 microgram  Tablet",medicine,1.98,
DIGOXITA1,"Digoxin Tablet, 62.5 microgram  Tablet",medicine,1.03,
DIHPIPPO1,"Dihydroartemisin + Piperaquine Granular Powder,",medicine,3.85,10 mg + 80 mg  Sachet
DIHYDRTA1,"Dihydrocodeine Tablet, 30 mg  Tablet",medicine,0.72,
DISOPYCA1,"Disopyramide Capsule, 100 mg  Capsule",medicine,6.6,
DISPHOIN1,"Disopyramide Phosphate Injection, 10 mg/mL in 5",medicine,357.5,mL Ampoule
DOCETAIN1,"Docetaxel Injection, 20 mg/mL  Ampoule",medicine,212.5,
DOMPERTA1,"Domperidone Tablet, 10 mg  Tablet",medicine,1.76,
DOPAMIIN1,"Dopamine Injection, 40 mg/mL in 5 mL  Vial",medicine,24.75,
DOXAPRIN1,"Doxapram Injection, 20 mg/mL in 5 mL  Vial",medicine,187,
DOXORUIN1,Doxorubicin Injection 50 mg Intravenous  Vial,medicine,130,
ENOSODIN2,"Enoxaparin Sodium Injection, 40 mg/0.4 mL  Prefilled",medicine,126.5,
EPHEDRIN1,"Ephedrine HCI Injection, 30 mg/mL  Ampoule",medicine,23.1,
EPHEDRND1,"Ephedrine Nasal Drops, 0.5%  10 mL",medicine,6.83,
EPHEDRND2,"Ephedrine Nasal Drops, 1%  10 mL",medicine,9.9,
ERGOMEIN1,"Ergometrine Injection, 0.2 mg/mL  1 mL",medicine,10.04,
ERGOMEIN2,"Ergometrine Injection, 0.5 mg/ml  1 mL",medicine,12.1,
ERGOMETA1,"Ergometrine Tablet, 0.5 mg  Tablet",medicine,0.66,
ERGOTATA1,"Ergotamine Tablet, 2 mg  Tablet",medicine,5.15,
ERYTHRSY1,"Erythromycin Syrup, 125 mg/5 mL  100 mL",medicine,23.65,
ERYTHRTA1,"Erythromycin Tablet, 250 mg  Tablet",medicine,1.1,
ESOMEPCA1,"Esomeprazole Capsule, 20 mg  Capsule",medicine,1.98,
ESOMEPCA2,"Esomeprazole Capsule, 40 mg  Capsule",medicine,3.4,
ETHOSUSY1,"Ethosuximide Syrup, 250 mg/5 mL  200 mL",medicine,21.51,
ETHOSUTA1,"Ethosuximide Tablet, 250 mg  Tablet",medicine,4.95,
ETOPOSIN1,Etoposide Injection 100 mg Intravenous  Vial,medicine,59.95,
FEAMCISU1,Ferric Ammonium Citrate Mixture (FAC)  200 mL,medicine,7.48,
FERFUMTA1,"Ferrous Fumarate Tablet, 100 mg (Elemental Iron)  Tablet",medicine,0.22,
FERSULSY1,"Ferrous Sulphate (BPC) Syrup, 60 mg/5 mL  200 mL",medicine,18.7,
FESUFOTA1,"Ferrous Sulphate + Folic Acid Tablet, 50 mg",medicine,0.67,
FERSULTA1,"Ferrous Sulphate Tablet, 60 mg (Elemental Iron)  Tablet",medicine,0.11,
FINASTTA1,"Finasteride Tablet, 5 mg  Tablet",medicine,4.33,
FLUCLOCA1,"Flucloxacillin Capsule, 250 mg  Capsule",medicine,0.82,
FLUCLOIN2,"Flucloxacillin Injection, 500 mg  Vial",medicine,19.8,
FLUCLOSU1,"Flucloxacillin Suspension, 125 mg/5 mL  100 mL",medicine,15.95,
FLUCONCA1,"Fluconazole Capsule, 150 mg  Capsule",medicine,10.67,
FLUCONCA2,"Fluconazole Capsule, 200 mg  Capsule",medicine,8.8,
FLUCONSU1,"Fluconazole Suspension, 10 mg/mL  35 mL",medicine,32.45,
FLUCONSU2,"Fluconazole Suspension, 50 mg/5 mL  35 mL",medicine,50,
FLUCONTA1,"Fluconazole Tablet, 50 mg  Tablet",medicine,27.72,
FLUDROTA1,"Fludrocortisone Tablet, 100 microgram  Tablet",medicine,10.78,
FLUOXECA1,"Fluoxetine Capsule, 20 mg  Capsule",medicine,1.43,
FLUPENTA2,"Flupentixol Tablet, 1mg  Tablet",medicine,1.65,
FLUPENTA1,"Flupentixol Tablet, 500 microgram  Tablet",medicine,1.53,
FLUDECIN1,"Fluphenazine Deconoate Injection, 25 mg/mL  1 mL",medicine,12.21,
FLUSALGA1,"Fluticasone + Salmeterol Inhaler, 250 microgram/50",medicine,275,microgram (60 Doses)  Inhaler
FLUTICGA2,"Fluticasone MDI, 125 microgram (120 Dose)  Inhaler",medicine,191.73,
FLUTICGA3,"Fluticasone MDI, 250 microgram (120 Dose)  Inhaler",medicine,128.7,
FLUVASCA1,"Fluvastatin Capsule, 20 mg  Capsule",medicine,1.69,
FOLACITA1,"Folic Acid Tablet, 5 mg  Tablet",medicine,0.05,
FUROSEIN1,"Furosemide Injection, 10 mg/mL in 2 mL  Ampoule",medicine,1.56,
FUROSETA1,"Furosemide Tablet, 40 mg  Tablet",medicine,0.28,
GELATIIN1,Gelatin Infusion (Succinylated Gelatin)  500 mL,medicine,82.61,
GENTAMED1,"Gentamicin Ear Drops, 0.3%  10mL",medicine,6.62,
GENTAMID1,"Gentamicin Eye Drops, 0.3%  10 mL",medicine,6.6,
GLIBENTA1,"Glibenclamide Tablet, 5 mg  Tablet",medicine,0.15,
GLICLATA1,"Gliclazide Tablet, 80 mg  Tablet",medicine,0.66,
GLIMEPTA1,"Glimepiride Tablet, 1 mg  Tablet",medicine,1.1,
GLIMEPTA2,"Glimepiride Tablet, 2 mg  Tablet",medicine,0.19,
GLIMEPTA3,"Glimepiride Tablet, 3 mg  Tablet",medicine,1.57,
GLIMEPTA4,"Glimepiride Tablet, 4 mg  Tablet",medicine,0.24,
GLUCAGIN1,"Glucagon Injection, 1 mg  Ampoule",medicine,455.4,
GLTRSUTA1,"Glyceryl Trinitrate Sublingual Tablet, 500 microgram  100",medicine,121.63,Tablets
GRANISIN1,"Granisetron Injection, 1 mg/1mL  Ampoule",medicine,83.85,
GRANISTA1,"Granisetron Tablet, 1 mg  Tablet",medicine,17.88,
GRISEOSU1,"Griseofulvin Suspension, 125 mg/5 mL  100 mL",medicine,29.26,
GRISEOTA1,"Griseofulvin Tablet, 125 mg  Tablet",medicine,0.35,
GRISEOTA2,"Griseofulvin Tablet, 500 mg  Tablet",medicine,2.2,
GUAIFESY1,Guaifenesin Containing Expectorant Syrup   100ml,medicine,34.93,
HALOPEIN1,"Haloperidol Injection, 5 mg/5 mL  Ampoule",medicine,9.24,
HALOPETA1,"Haloperidol Tablet, 0.5 mg  Tablet",medicine,0.95,
HALOPETA2,"Haloperidol Tablet, 5 mg  Tablet",medicine,1.41,
HALOPETA3,"Haloperidol Tablet, 10 mg  Tablet",medicine,1.65,
HEPARIIN1,"Heparin Injection, 1000 units/mL in 5 mL  Ampoule",medicine,111.21,
HEPARIIN2,"Heparin Injection, 5000 units/mL in 1mL  Ampoule",medicine,90.86,
HEPARIIN3,"Heparin Injection, 5000 units/mL in 5 mL  Vial",medicine,137.5,
HUIMTEIN1,"Human Immune Tetanus Globulins Injection, 250",medicine,42.85,IU/mL  1 mL
HYDRALIN1,"Hydralazine Injection, 20 mg  Ampoule",medicine,26.95,
HYDRALTA1,"Hydralazine Tablet, 25 mg  Tablet",medicine,3.25,
HYDROCCR1,"Hydrocortisone Cream, 1%  15 G",medicine,12.06,
HYDROCID1,"Hydrocortisone Eye Drops, 1%  5 mL",medicine,16.5,
HYDROCEO1,"Hydrocortisone Eye Ointment, 1%  5 G",medicine,13.86,
HYSOSUIN1,"Hydrocortisone Sodium Succinate Injection, 100 mg  Vial",medicine,11,
HYDROXIN1,"Hydroxocobalamin Injection, 1 mg/mL  1 mL",medicine,9.61,
HYDROXCA1,"Hydroxyurea Capsule, 500mg  Capsule",medicine,3.52,
HYOBUTIN1,"Hyoscine Butylbromide Injection, 20 mg/ mL  1 mL",medicine,6.6,
HYOBUTTA1,"Hyoscine Butylbromide  Tablet, 10 mg  Tablet",medicine,0.99,
IBUPROSU1,"Ibuprofen Suspension, 100 mg/5 mL  100 mL",medicine,12.65,
IBUPROTA1,"Ibuprofen Tablet, 200 mg  Tablet",medicine,0.22,
IBUPROTA2,"Ibuprofen Tablet, 400 mg  Tablet",medicine,0.28,
IMIPRATA1,"Imipramine Tablet, 25 mg  Tablet",medicine,0.33,
INPRMIIN1,"Insulin premixed (30/70) HM Injection, 100 units/mL",medicine,84.42,in 10 mL  Vial
INSSOLIN1,"Insulin Soluble HM, 100 units/mL in 10 mL  Vial",medicine,80.87,
INTRALSO1,Intralipid Solution (for TPN)  500 mL,medicine,165,
IPRBROGA1,Ipratropium Bromide Nebulizer 250 micrograms  Dose,medicine,11,
IPRBROGA2,Ipratropium Bromide Nebulizer 500 micrograms  Dose,medicine,14.3,
IROPOLCA1,Iron (III) Polymaltose Complex Capsule  Capsule,medicine,0.28,
IROPOLSU1,Iron (III) Polymaltose Complex Suspension  200 mL,medicine,9.75,
IRODEXIN1,"Iron Dextran Injection, 100mg/2mL  2 mL",medicine,27.5,
ISOINSIN1,"Isophane Insulin Injection (HM), 100 units/mL in 10",medicine,100.1,mL Vial
ISODINTA1,"Isosorbide Dinitrate Tablet, 10 mg  Tablet",medicine,1.97,
ITRACOCA1,"Itraconazole Capsule, 100 mg  Capsule",medicine,5.5,
ITRACOSU1,"Itraconazole Suspension, 10 mg/mL  30 mL",medicine,7.33,
KETOCOCR1,"Ketoconazole Cream, 30g  Tube",medicine,22,
KETOCOTA1,"Ketoconazole Tablet, 200 mg  Tablet",medicine,8.5,
LABETAIN1,"Labetalol Injection, 5 mg/mL in 20 mL  Ampoule",medicine,85.8,
LABETATA1,"Labetalol Tablet, 100 mg  Tablet",medicine,3.3,
LABETATA2,"Labetalol Tablet, 200 mg  Tablet",medicine,4.4,
LACTULLI1,Lactulose Liquid 3.1 –3.7 g/5 mL  300 mL,medicine,75.35,
LAMOTRTA1,Lamotrigine Tablet 100 mg  Tablet,medicine,2.05,
LEVOFLIN1,Levofloxacin infusion 500mg  100mL,medicine,189.64,
LEVSODTA3,"Levothyroxine Sodium Tablet, 100 microgram  Tablet",medicine,1.32,
LEVSODTA1,"Levothyroxine Sodium Tablet, 25 microgram  Tablet",medicine,0.92,
LEVSODTA2,"Levothyroxine Sodium Tablet, 50 microgram  Tablet",medicine,1.1,
LIDOCACR1,"Lidocaine Cream, 2%  15 G",medicine,38.5,
LIDOCAGE1,"Lidocaine Gel, 4%  15 G",medicine,76.67,
LISHYDTA1,"Lisinopril + Hydrochlorthiazide Tablet, (10 mg +",medicine,1.26,12.5 mg)  Tablet
LISHYDTA2,"Lisinopril + Hydrochlorthiazide Tablet, (20 mg +",medicine,2.57,12.5 mg)  Tablet
LISINOTA3,"Lisinopril Tablet, 10 mg  Tablet",medicine,0.21,
LISINOTA1,"Lisinopril Tablet, 2.5 mg  Tablet",medicine,0.47,
LISINOTA4,"Lisinopril Tablet, 20 mg Tablet",medicine,0.9,
LODOXAID1,"Lodoxamide Eye Drops, 0.1%  10 mL",medicine,8.9,
LORAZEIN1,"Lorazepam Injection, 4 mg/mL in 1mL  Ampoule",medicine,93.5,
LORAZETA1,"Lorazepam Tablet, 1 mg  Tablet",medicine,1.76,
LORAZETA2,"Lorazepam Tablet, 2 mg  Tablet",medicine,0.44,
LORAZETA3,"Lorazepam Tablet, 2.5 mg  Tablet",medicine,2.2,
LOSARTTA3,"Losartan Tablet, 100 mg  Tablet",medicine,0.54,
LOSARTTA1,"Losartan Tablet, 25 mg  Tablet",medicine,1.32,
LOSARTTA2,"Losartan Tablet, 50 mg  Tablet",medicine,0.26,
MAGSULIN1,"Magnesium Sulphate Injection, 20% (10 mL)  Ampoule",medicine,5.96,
MAGSULIN3,"Magnesium Sulphate Injection, 50% (10 mL)  Ampoule",medicine,19.54,
MAGSULPO1,Magnesium Sulphate Salt  1 G,medicine,33,
MATRALMI1,Magnesium Trisilicate + Aluminium Hydroxide,medicine,22.22,Mixture  200 mL
MATRALTA1,Magnesium Trisilicate + Aluminium Hydroxide Tablet  Tablet,medicine,0.22,
MAGTRIMI1,Magnesium Trisilicate Mixture  200 mL,medicine,7.7,
MAGTRITA1,"Magnesium Trisilicate Tablet, 500 mg  Tablet",medicine,3.58,
MANNITIN1,"Mannitol Injection, 10%  500 mL",medicine,36.04,
MANNITIN2,"Mannitol Injection, 20%  500 mL",medicine,30.42,
MEBENDSU1,"Mebendazole Suspension, 100 mg/5 mL  30 mL",medicine,44,
MEBENDTA1,"Mebendazole Tablet, 100 mg  6 Tablets",medicine,14.3,
MEBENDTA2,"Mebendazole Tablet, 500 mg  Tablet",medicine,23.1,
MEBEVETA1,"Mebeverine Tablet, 135 mg  Tablet",medicine,1.5,
MEDACETA1,"Medroxyprogesterone Acetate Tablet, 5 mg  Tablet",medicine,8.53,
MEFACITA1,"Mefenamic Acid Tablet, 500 mg  Tablet",medicine,1.29,
METFORTA1,"Metformin Tablet, 500 mg  Tablet",medicine,0.15,
METHOTIN1,"Methotrexate Injection, 2.5 mg/ mL  Ampoule",medicine,0.11,
METHOTIN2,"Methotrexate Injection, 25 mg/ mL in 2mL  Ampoule",medicine,54.65,
METHOTTA2,"Methotrexate Tablet, 10 mg  Tablet",medicine,38.5,
METHOTTA1,"Methotrexate Tablet, 2.5 mg  Tablet",medicine,3.08,
METCELID1,"Methyl Cellulose Eye Drops, 0.3%  10 mL",medicine,22.55,
METHYLTA1,"Methyldopa Tablet, 250 mg  Tablet",medicine,0.93,
METOCLIN1,"Metoclopramide Injection, 5 mg/mL in 2 mL  Ampoule",medicine,8.8,
METOCLSY1,"Metoclopramide Syrup, 5 mg/5 mL  200 mL",medicine,92.4,
METOCLTA1,"Metoclopramide Tablet, 10 mg  Tablet",medicine,0.77,
METOLATA1,"Metolazone Tablet, 5 mg  Tablet",medicine,5.39,
METTARTA1,Metoprolol Tartrate Tablet 100 mg  Tablet,medicine,1.85,
METRONIN1,"Metronidazole Injection, 5 mg/mL in 100 mL  Bottle",medicine,9.01,
METRONRE1,"Metronidazole Suppository, 500 mg  Supp.",medicine,15.95,
METRONSU1,"Metronidazole Suspension, 100 mg/5 mL (as",medicine,10.92,benzoate)  100 mL
METRONSU2,"Metronidazole Suspension, 200 mg/5 mL(as",medicine,12.02,benzoate)  100 mL
METRONTA1,"Metronidazole Tablet, 200 mg  Tablet",medicine,0.13,
METRONTA2,"Metronidazole Tablet, 400 mg  Tablet",medicine,0.25,
MICHYDCR1,"Miconazole + Hydrocortisone Cream, 2% + 1%  15 G",medicine,51.87,
MICONACR1,"Miconazole Cream, 2%  15 G",medicine,38.5,
MICONAOG1,"Miconazole Oral Gel, 25 mg/mL  40 G",medicine,73.7,
MIDAZOIN1,"Midazolam Injection, 5 mg/5mL  Ampoule",medicine,70.13,
MIDAZOTA1,"Midazolam Tablet, 15 mg  Tablet",medicine,13.89,
MORPHIIN1,"Morphine Injection, 10 mg/mL  Ampoule",medicine,21.97,
MORPHIIN2,"Morphine Injection, 10 mg/mL (Preservative Free)  Ampoule",medicine,39.55,
MORSULTA1,"Morphine Sulphate Tablet, 10 mg (Slow release)  Tablet",medicine,5.61,
MORSULTA2,"Morphine Sulphate Tablet, 30 mg (Slow release)  Tablet",medicine,8.83,
MULTIVDR1,Multivitamin Drops  20 mL,medicine,24.2,
MULTIVSY1,Multivitamin Syrup  125 mL,medicine,8.1,
MULTIVTA1,Multivitamin Tablet  Tablet,medicine,0.07,
NALOXOIN1,"Naloxone Injection, 400 microgram/mL in 1mL  Ampoule",medicine,28.55,
NEOMYCTA1,"Neomycin Tablet, 500 mg  Tablet",medicine,55,
NEOBROTA1,"Neostigmine Bromide Tablet, 15 mg  Tablet",medicine,6.47,
NEOSTIIN1,"Neostigmine Injection, 2.5 mg/mL  Ampoule",medicine,27.5,
NIFEDICA1,"Nifedipine Capsule, 10 mg  Capsule",medicine,1.21,
NIFEDITA1,"Nifedipine Tablet, 10 mg (slow release)  Tablet",medicine,1.1,
NIFEDITA2,"Nifedipine Tablet, 20 mg (slow release)  Tablet",medicine,0.2,
NIFEDITA3,"Nifedipine Tablet, 30 mg (GITS)  Tablet",medicine,0.3,
NITROFTA1,"Nitrofurantoin Tablet, 100 mg  Tablet",medicine,4.18,
NORETHTA1,"Norethisterone Tablet, 5 mg  Tablet",medicine,2.98,
NYSTATOI1,"Nystatin Ointment, 100,000 IU  30 G",medicine,25.74,
NYSTATTA1,"Nystatin Pessary, 100,000 IU  Pessary",medicine,52.71,
NYSTATSU1,"Nystatin Suspension, 100,000 IU/mL  15 mL",medicine,71.17,
OLANZATA1,Olanzapine Tablet 10 mg  Tablet,medicine,1.63,
OMEPRAIN2,"Omeprazole Injection, 40 mg  Vial",medicine,19.8,
OMEPRATA1,"Omeprazole Tablet, 20 mg  Tablet",medicine,0.23,
ONDANSTA1,"Ondansetrone Tablet, 4 mg  Tablet",medicine,1.65,
ORRESAPO1,Oral Rehydration Salts Powder  Sachet,medicine,1.47,
OXYTOCIN2,"Oxytocin Injection, 10 units/mL  Ampoule",medicine,10.19,
OXYTOCIN1,"Oxytocin Injection, 5 units/mL  Ampoule",medicine,16.47,
PACLITIN1,"Paclitaxel Injection, 100 mg/16.7mL  Vial",medicine,343.2,
PARACERE1,"Paracetamol Suppository, 125 mg  Supp",medicine,1.5,
PARACERE2,"Paracetamol Suppository, 250 mg  Supp",medicine,2.34,
PARACERE3,"Paracetamol Suppository, 500 mg  Supp",medicine,2.41,
PARACESY1,"Paracetamol Syrup, 120 mg/5 mL  125 mL",medicine,8.5,
PARACETA1,"Paracetamol Tablet, 500 mg  Tablet",medicine,0.12,
PARAFFLI1,Paraffin Liquid  100 mL,medicine,25.3,
PETHIDIN1,"Pethidine Injection, 50 mg/mL in 2 mL  Ampoule",medicine,39.56,
PHENOBEL1,"Phenobarbital Elixir, 15 mg/5 mL  100 mL",medicine,60.5,
PHENOBIN1,"Phenobarbital Injection, 200 mg/mL  Ampoule",medicine,34.58,
PHENOBTA1,"Phenobarbital Tablet, 30 mg  Tablet",medicine,0.22,
PHENOBTA2,"Phenobarbital Tablet, 60 mg  Tablet",medicine,0.33,
PHENOLIN1,Phenol 5% in Almond Oil Injection  50 mL,medicine,0.39,
PHEPENTA1,"Phenoxymethyl Penicillin Tablet, 250 mg  Tablet",medicine,0.84,
PHENYTIN1,"Phenytoin Injection, 50 mg/mL  in 5 mL  Ampoule",medicine,38.5,
PHENYTTA1,"Phenytoin Sodium Tablet, 100 mg  Tablet",medicine,1.32,
PHYTOMIN1,"Phytomenadione Injection, 1 mg/mL (Paediatric)  Ampoule",medicine,6.93,
PHYTOMIN2,"Phytomenadione Injection, 10 mg/mL  Ampoule",medicine,12.1,
PILOCAID1,"Pilocarpine Eye Drops, 2%  10 mL",medicine,35.75,
PILOCAID2,"Pilocarpine Eye Drops, 4%  10 mL",medicine,19.25,
PIOGLITA1,"Pioglitazone Tablet, 15 mg  Tablet",medicine,0.74,
PIOGLITA2,"Pioglitazone Tablet, 30 mg  Tablet",medicine,0.91,
PIRACETA1,"Piracetam Tablet, 800 mg  Tablet",medicine,5.5,
POTCHLIN1,"Potassium Chloride Injection, 20 mEq/10 mL  Vial",medicine,17.16,
POTCHLTA1,"Potassium Chloride Tablet, 600 mg (Enteric Coated)  Tablet",medicine,3.85,
POTCITMI1,Potassium Citrate Mixture BP  200 mL,medicine,9.35,
POVIDOSO1,"Povidone Iodine Aqueous Solution, 10%  100 mL",medicine,46.2,
POVIDOOI1,"Povidone Iodine Ointment, 10%  10 G",medicine,28.88,
PRAZIQTA1,"Praziquantel Tablet, 600 mg  Tablet",medicine,11.55,
PRAZOSTA1,"Prazosin Tablet, 500 microgram  Tablet",medicine,2.9,
PREDNIDT1,Prednisolone 5mg Dispersible Tablets  Tablet,medicine,0.28,
PREDNIID1,"Prednisolone Eye Drops, 0.5%  10 mL",medicine,15.4,
PREDNIID2,"Prednisolone Eye Drops, 1%  10 mL",medicine,22,
PREDNISY1,"Prednisolone Oral Solution, 5mg/5ml  60ml",medicine,62.7,
PREDNITA1,"Prednisolone Tablet, 5 mg  Tablet",medicine,0.2,
PRIMIDTA1,"Primidone Tablet, 250 mg  Tablet",medicine,0.33,
PROBENIN1,"Procaine Benzylpenicillin Injection, 4 MU  Vial",medicine,9.9,
PROHYDIN1,"Promethazine Hydrochloride Injection, 25 mg/mL in",medicine,2.2,2 mL Ampoule
PROMETTA1,"Promethazine Hydrochloride Tablet, 25 mg  Tablet",medicine,0.28,
PROTHETA1,"Promethazine Theoclate  Tablet, 25 mg  Tablet",medicine,0.22,
PROPRAIN1,"Propranolol Injection, 1 mg/mL in 1mL  Ampoule",medicine,0.18,
PROPRATA1,"Propranolol Tablet, 10 mg  Tablet",medicine,0.84,
PROPRATA2,"Propranolol Tablet, 40 mg  Tablet",medicine,0.22,
PROPRATA3,"Propranolol Tablet, 80 mg  Tablet",medicine,1.88,
PROPYLTA1,"Propylthiouracil Tablet, 50 mg  Tablet",medicine,5.23,
PROSULIN1,"Protamine Sulphate Injection, 10 mg/mL in 5 mL  Ampoule",medicine,47.52,
QUINININ1,"Quinine Injection, 300 mg/mL in 2 mL  Ampoule",medicine,4.68,
QUININSY1,"Quinine Syrup, 75 mg/5 mL  125 mL",medicine,12.1,
QUININTA1,"Quinine Tablet, 300 mg  Tablet",medicine,1.47,
RAMIPRTA1,"Ramipril Tablet, 2.5 mg  Tablet",medicine,1.01,
RAMIPRTA2,"Ramipril Tablet, 5 mg  Tablet",medicine,1.22,
RANITITA1,"Ranitidine Tablet, 150 mg  Tablet",medicine,1.99,
RETSOFCA2,"Retinol Soft Capsule, 200,000 IU  Capsule",medicine,0.24,
RINLACSO1,"Ringer - Lactate Solution, 500 mL  500 mL",medicine,13.1,
RISPERLI1,"Risperidone Liquid, 1 mg/mL  10 mL",medicine,4.29,
RISPERTA2,"Risperidone Tablet, 1 mg  Tablet",medicine,1.1,
RISPERTA3,"Risperidone Tablet, 2 mg  Tablet",medicine,1.6,
RISPERTA1,"Risperidone Tablet, 500 microgram  Tablet",medicine,5.67,
RITUXIIN2,Rituximab Injection 500mg/10ml  Vial,medicine,0,
SALBUTGA1,"Salbutamol Inhaler, 100 microgram/metered dose,",medicine,49.5,200 doses  Inhaler
SALBUTGA2,"Salbutamol Nebules, 2.5 mg  Dose",medicine,10.12,
SALBUTGA3,"Salbutamol Nebules, 5 mg  Dose",medicine,17.6,
SALSULIN1,"Salbutamol Sulphate Injection, 500 microgram/mL in",medicine,16.5,1mL Ampoule
SALBUTSY1,"Salbutamol Syrup, 2 mg/5 mL  200 mL",medicine,18.7,
SALACIOI1,"Salicylic Acid Ointment, 2%  40G",medicine,18.7,
SECNIDTA1,"Secnidazole Tablet, 500 mg  Tablet",medicine,8.8,
SELSULSH1,"Selenium Sulphide Shampoo, 2.5%  50 mL",medicine,12.93,
SERTRATA2,"Sertraline Tablet, 100 mg  Tablet",medicine,1.93,
SERTRATA1,"Sertraline Tablet, 50 mg  Tablet",medicine,1.34,
SILSULCR1,"Silver Sulphadiazine Cream, 1%  50 G",medicine,26.4,
SIMLINSY1,Simple Linctus  BPC (Paediatric)  125mL,medicine,6.97,
SIMLINSY2,Simple Linctus BPC  200mL,medicine,7.54,
SIMVASTA1,"Simvastatin Tablet, 10 mg  Tablet",medicine,0.66,
SIMVASTA2,"Simvastatin Tablet, 20 mg  Tablet",medicine,1.02,
SIMVASTA3,"Simvastatin Tablet, 40 mg  Tablet",medicine,1.27,
SIMVASTA4,"Simvastatin Tablet, 80 mg  Tablet",medicine,1.98,
SODBICIN1,"Sodium Bicarbonate Injection, 8.4% in 10 mL  Ampoule",medicine,50.05,
SODCHLIN1,"Sodium Chloride Infusion, 0.45% (250 mL)  250 mL",medicine,48.38,
SODCHLIN3,"Sodium Chloride Infusion, 0.9% (500 mL)  500 mL",medicine,14.37,
SODCHLND1,"Sodium Chloride Nasal Drops, 0.9%  10 mL",medicine,6.6,
SODVALCA1,"Sodium Valproate Capsule, 200 mg  Capsule",medicine,3.08,
SODVALSY1,"Sodium Valproate Syrup, 200 mg/5 Ml  300 mL",medicine,294.8,
SODVALTA1,"Sodium Valproate Tablet, 200 mg  Tablet",medicine,3.28,
SOANSTOI1,Soothing Agent + Local Anaesthetic  + Steroid,medicine,85.8,Ointment  15 G
SOANSTRE1,Soothing Agent + Local Anaesthetic + Steroid,medicine,7.7,Suppository  Supp
SOOANAOI1,Soothing Agent + Local Anaesthetic Ointment  15 G,medicine,42.46,
SOOANARE1,Soothing Agent + Local Anaesthetic Suppository  Supp,medicine,6.93,
SPIRONTA1,"Spironolactone Tablet, 25 mg  Tablet",medicine,1.1,
SPIRONTA2,"Spironolactone Tablet, 50 mg  Tablet",medicine,1.45,
STREPTIN1,"Streptokinase Injection, 100,000 unit -vial Vial",medicine,432,
STREPTIN2,"Streptokinase Injection, 250,000 unit -vial Vial",medicine,482,
STREPTIN3,"Streptokinase Injection, 750,000 unit -vial Vial",medicine,557.19,
SULFASTA1,"Sulfasalazine Tablet, 500 mg  Tablet",medicine,4.73,
TAMOXITA1,"Tamoxifen Tablet, 10 mg  Tablet",medicine,2.97,
TAMOXITA2,"Tamoxifen Tablet, 20 mg  Tablet",medicine,4.11,
TAMSULCA1,"Tamsulosin Capsule, 400 microgram  Capsule",medicine,2.18,
TERAZOTA1,"Terazosin Tablet, 2 mg  Tablet",medicine,2.86,
TERAZOTA2,"Terazosin Tablet, 5 mg  Tablet",medicine,4.38,
TERBINTA1,"Terbinafine HCl Tablet, 250 mg  Tablet",medicine,3.03,
TETRACCA1,"Tetracycline Capsule, 250 mg  Capsule",medicine,0.28,
TETRACEO2,"Tetracycline Eye Ointment, 1%  5 G",medicine,8.25,
THEOPHTA1,"Theophylline Tablet, 200 mg (slow release)  Tablet",medicine,16.5,
THIAMITA2,"Thiamine Tablet, 100 mg  Tablet",medicine,1.1,
THIAMITA1,"Thiamine Tablet, 50 mg  Tablet",medicine,0.66,
TIABENTA1,"Tiabendazole Tablet, 500 mg  Tablet",medicine,1.58,
TIMMALID1,"Timolol Maleate Eye Drops, 0.5%  10 mL",medicine,13.2,
TINIDACA1,"Tinidazole Capsule, 500 mg  Capsule",medicine,28.05,
TIROFIIN2,"Tirofiban Infusion, 250 micrograms/ml (concentrate)  100 mL",medicine,514.8,
TIROFIIN1,"Tirofiban Infusion, 50 micrograms/mL  100 mL",medicine,371.8,
TOLBUTTA1,"Tolbutamide Tablet, 500 mg  Tablet",medicine,9.65,
TRAACICA1,"Tranexamic Acid Capsule, 250 mg  Capsule",medicine,3.52,
TRAACIIN1,"Tranexamic Acid Injection, 500 mg/5mL  Ampoule",medicine,26.82,
TRAACITA1,"Tranexamic Acid Tablet, 500 mg  Tablet",medicine,4.68,
TRIHEXTA1,"Trihexyphenidyl Tablet, 2 mg  Tablet",medicine,2.64,
TRIHEXTA2,"Trihexyphenidyl Tablet, 5 mg  Tablet",medicine,1.82,
VERAPATA1,"Verapamil Tablet, 40 mg  Tablet",medicine,0.44,
VERAPATA2,"Verapamil Tablet, 80 mg  Tablet",medicine,1,
VINCRIIN1,Vincristine Injection 1 mg Intravenous  Vial,medicine,67.1,
VINCRIIN2,Vincristine Injection 2 mg Intravenous  Vial,medicine,20.91,
WARFARTA1,"Warfarin Tablet, 1 mg  Tablet",medicine,0.36,
WARFARTA2,"Warfarin Tablet, 3 mg  Tablet",medicine,0.61,
WARFARTA3,"Warfarin Tablet, 5 mg (scored)  Tablet",medicine,0.81,
WATFORIN1,Water for Injection  10 mL,medicine,1.1,
ZINCOOTA1,"Zinc Tablet, 10 mg  Tablet",medicine,0.18,
